{"version":"0.4","title":"Contract Me","type":"page","content":[{"id":"14d20c21","settings":[],"elements":[{"id":"5ac8ed15","settings":{"_column_size":100},"elements":[{"id":"257a152a","settings":{"title":"<div id=\"contract\">Contract me<\/div>","header_size":"h1","align":"center","title_color":"#ff1000","typography_typography":"custom","typography_font_size":{"unit":"px","size":40},"_background_background":"classic","_background_color":"#000000"},"elements":[],"isInner":false,"widgetType":"heading","elType":"widget"}],"isInner":false,"elType":"column"}],"isInner":false,"elType":"section"},{"id":"7367789","settings":[],"elements":[{"id":"6ac847b8","settings":{"_column_size":100},"elements":[{"id":"44d2fe8c","settings":{"address":"Florida Vocational Institute, 7757 W Flagler St #220, Miami, FL 33144"},"elements":[],"isInner":false,"widgetType":"google_maps","elType":"widget"}],"isInner":false,"elType":"column"}],"isInner":false,"elType":"section"},{"id":"3f137881","settings":{"structure":"40","background_background":"classic","background_color":"#000000"},"elements":[{"id":"4c8a88ec","settings":{"_column_size":25,"_inline_size":null},"elements":[{"id":"49f021ca","settings":{"editor":"<h1 style=\"text-align: center;\"><span style=\"color: #ff9900;\"><strong>Address<\/strong><\/span><\/h1><p style=\"text-align: center;\"><span style=\"color: #ffffff;\">7775 West Flagler Road<\/span><\/p><p style=\"text-align: center;\"><span style=\"color: #ffffff;\">Kendale, FL 33142<\/span><\/p><p style=\"text-align: center;\"><span style=\"color: #ffffff;\">USA<\/span><\/p>"},"elements":[],"isInner":false,"widgetType":"text-editor","elType":"widget"}],"isInner":false,"elType":"column"},{"id":"7e636122","settings":{"_column_size":25,"_inline_size":null},"elements":[{"id":"345f093e","settings":{"editor":"<h1 style=\"text-align: center;\"><span style=\"color: #ff9900;\">Phone<\/span><\/h1><p style=\"text-align: center;\"><span style=\"color: #ffffff;\">+1 786 585 2527<\/span><\/p><p style=\"text-align: center;\"><span style=\"color: #ffffff;\">Mobile<\/span><\/p><p style=\"text-align: center;\"><span style=\"color: #ffffff;\">+1\u00a0 786 957 1538<\/span><\/p><p style=\"text-align: center;\"><span style=\"color: #ffffff;\">Fax<\/span><\/p><p style=\"text-align: center;\"><span style=\"color: #ffffff;\">+1 785 125 4567<\/span><\/p>"},"elements":[],"isInner":false,"widgetType":"text-editor","elType":"widget"}],"isInner":false,"elType":"column"},{"id":"ae0436b","settings":{"_column_size":25,"_inline_size":null},"elements":[{"id":"125bd2fb","settings":{"editor":"<h1 style=\"text-align: center;\"><span style=\"color: #ff9900;\">Email<\/span><\/h1><p style=\"text-align: center;\"><span style=\"color: #ffffff;\">example@mail.com<\/span><\/p>"},"elements":[],"isInner":false,"widgetType":"text-editor","elType":"widget"}],"isInner":false,"elType":"column"},{"id":"5e1aa36","settings":{"_column_size":25,"_inline_size":null},"elements":[{"id":"712eedba","settings":{"social_icon_list":[{"social":"fa fa-facebook","_id":"a630c0a","link":{"url":"https:\/\/www.facebook.com\/","is_external":"true","nofollow":""}},{"social":"fa fa-twitter","_id":"1a4a699","link":{"url":"https:\/\/twitter.com\/?lang=en","is_external":"true","nofollow":""}},{"social":"fa fa-google-plus","_id":"e4c7a8b","link":{"url":"https:\/\/plus.google.com\/discover","is_external":"true","nofollow":""}},{"social":"fa fa-wordpress","link":{"url":"https:\/\/wordpress.org\/","is_external":"true","nofollow":""},"_id":"89c426a"},{"social":"fa fa-whatsapp","link":{"url":"https:\/\/www.whatsapp.com\/","is_external":"true","nofollow":""},"_id":"34101d0"},{"social":"fa fa-youtube","link":{"url":"https:\/\/www.youtube.com\/","is_external":"true","nofollow":""},"_id":"2eb4ff1"}],"shape":"circle","icon_size":{"unit":"px","size":20},"icon_padding":{"unit":"em","size":0.9},"icon_spacing":{"unit":"px","size":0},"hover_animation":"pulse","_padding":{"unit":"px","top":"40","right":"40","bottom":"40","left":"40","isLinked":true}},"elements":[],"isInner":false,"widgetType":"social-icons","elType":"widget"}],"isInner":false,"elType":"column"}],"isInner":false,"elType":"section"}]}