{"version":"0.4","title":"Header","type":"page","content":[{"id":"5fdd3211","settings":[],"elements":[{"id":"43e7e566","settings":{"_column_size":100},"elements":[{"id":"4376a70a","settings":[],"elements":[],"isInner":false,"widgetType":"wp-widget-nav_menu","elType":"widget"}],"isInner":false,"elType":"column"}],"isInner":false,"elType":"section"},{"id":"52781870","settings":{"structure":"20"},"elements":[{"id":"415770c8","settings":{"_column_size":50,"_inline_size":null},"elements":[{"id":"5ffae931","settings":{"carousel":[{"id":16,"url":"http:\/\/localhost\/portfolio\/wp-content\/uploads\/2019\/02\/portfolio4.jpg"},{"id":17,"url":"http:\/\/localhost\/portfolio\/wp-content\/uploads\/2019\/02\/portfolio5.jpg"}],"thumbnail_size":"custom","thumbnail_custom_dimension":{"width":"150","height":"158"},"slides_to_show":"1","image_stretch":"yes"},"elements":[],"isInner":false,"widgetType":"image-carousel","elType":"widget"}],"isInner":false,"elType":"column"},{"id":"55aaec06","settings":{"_column_size":50,"_inline_size":null},"elements":[{"id":"6f7b5912","settings":{"editor":"<p>Your Name<\/p>\n<p>Full Stack Web Developer<\/p>\n<p><br><\/p>\n<p><br><\/p>\n<p><br><\/p><p><br><\/p>","align":"center","text_color":"#ffffff","typography_typography":"custom","typography_font_size":{"unit":"px","size":43},"typography_font_weight":"900","_background_background":"gradient","_background_color":"#666666","_background_color_b":"#ffd8d8"},"elements":[],"isInner":false,"widgetType":"text-editor","elType":"widget"}],"isInner":false,"elType":"column"}],"isInner":false,"elType":"section"}]}