{"version":"0.4","title":"My Work","type":"page","content":[{"id":"539389c0","settings":{"structure":"20","_element_id":"work"},"elements":[{"id":"e350057","settings":{"_column_size":50,"_inline_size":null},"elements":[{"id":"527e1e15","settings":{"structure":"20"},"elements":[{"id":"6eb7f97f","settings":{"_column_size":50,"_inline_size":null},"elements":[{"id":"5be7a065","settings":{"image":{"url":"http:\/\/localhost\/portfolio\/wp-content\/uploads\/2019\/02\/portfolio11.jpg","id":59},"image_size":"medium","image_custom_dimension":{"width":"300","height":"500"}},"elements":[],"isInner":false,"widgetType":"image","elType":"widget"}],"isInner":true,"elType":"column"},{"id":"298579e4","settings":{"_column_size":50,"_inline_size":null},"elements":[{"id":"65668d01","settings":{"editor":"<p><span style=\"color: #ffffff;\">\"Lorem ipsum dolor sit amet, consectetur adipiscing elit, sed do eiusmod tempor incididunt ut labore et dolore magna aliqua. Ut enim ad minim veniam, quis nostrud exercitation ullamco laboris nisi ut\" <\/span><br \/><button><br \/><a href=\"https:\/\/www.youtube.com\/\" data-wplink-edit=\"true\"><br \/>CLICK ME<br \/><\/a><\/button><\/p>"},"elements":[],"isInner":false,"widgetType":"text-editor","elType":"widget"}],"isInner":true,"elType":"column"}],"isInner":true,"elType":"section"},{"id":"62580c2a","settings":{"structure":"20"},"elements":[{"id":"8c3c88e","settings":{"_column_size":50,"_inline_size":null},"elements":[{"id":"49c1c7a8","settings":{"image":{"url":"http:\/\/localhost\/portfolio\/wp-content\/uploads\/2019\/02\/portfolio10.jpg","id":58},"image_size":"medium","image_custom_dimension":{"width":"300","height":"500"}},"elements":[],"isInner":false,"widgetType":"image","elType":"widget"}],"isInner":true,"elType":"column"},{"id":"323948f7","settings":{"_column_size":50,"_inline_size":null},"elements":[{"id":"4bcd5dc0","settings":{"editor":"<p><span style=\"color: #ffffff;\">\"Lorem ipsum dolor sit amet, consectetur adipiscing elit, sed do eiusmod tempor incididunt ut labore et dolore magna aliqua. Ut enim ad minim veniam, quis nostrud exercitation ullamco laboris nisi ut\"<\/span> <br \/><button><br \/><a href=\"https:\/\/www.youtube.com\/\" data-wplink-edit=\"true\"><br \/>CLICK ME<br \/><\/a><\/button><\/p>"},"elements":[],"isInner":false,"widgetType":"text-editor","elType":"widget"}],"isInner":true,"elType":"column"}],"isInner":true,"elType":"section"},{"id":"1b613185","settings":{"structure":"20"},"elements":[{"id":"54807d6a","settings":{"_column_size":50,"_inline_size":null},"elements":[{"id":"56d6c472","settings":{"image":{"url":"http:\/\/localhost\/portfolio\/wp-content\/uploads\/2019\/02\/portfolio9.jpg","id":57},"image_size":"medium","image_custom_dimension":{"width":"300","height":"500"}},"elements":[],"isInner":false,"widgetType":"image","elType":"widget"}],"isInner":true,"elType":"column"},{"id":"367f258a","settings":{"_column_size":50,"_inline_size":null},"elements":[{"id":"1ffb4bad","settings":{"editor":"<p><span style=\"color: #ffffff;\">\"Lorem ipsum dolor sit amet, consectetur adipiscing elit, sed do eiusmod tempor incididunt ut labore et dolore magna aliqua. Ut enim ad minim veniam, quis nostrud exercitation ullamco laboris nisi ut\"<\/span> <br \/><button><br \/><a href=\"https:\/\/www.google.com\/\"><br \/>CLICK ME<br \/><\/a><\/button><\/p>"},"elements":[],"isInner":false,"widgetType":"text-editor","elType":"widget"}],"isInner":true,"elType":"column"}],"isInner":true,"elType":"section"}],"isInner":false,"elType":"column"},{"id":"1b58dd1f","settings":{"_column_size":50,"_inline_size":null},"elements":[{"id":"32a129f4","settings":{"structure":"20"},"elements":[{"id":"2dcb1939","settings":{"_column_size":50,"_inline_size":null},"elements":[{"id":"40bf330f","settings":{"image":{"url":"http:\/\/localhost\/portfolio\/wp-content\/uploads\/2019\/02\/portfolio8.jpg","id":56},"image_size":"medium","image_custom_dimension":{"width":"300","height":"500"}},"elements":[],"isInner":false,"widgetType":"image","elType":"widget"}],"isInner":true,"elType":"column"},{"id":"47c37b23","settings":{"_column_size":50,"_inline_size":null},"elements":[{"id":"3a5adb60","settings":{"editor":"<p><span style=\"color: #ffffff;\">\"Lorem ipsum dolor sit amet, consectetur adipiscing elit, sed do eiusmod tempor incididunt ut labore et dolore magna aliqua. Ut enim ad minim veniam, quis nostrud exercitation ullamco laboris nisi ut\"<\/span> <br \/><button><br \/><a href=\"https:\/\/www.google.com\/\"><br \/>CLICK\u00a0 ME<br \/><\/a><\/button><\/p>"},"elements":[],"isInner":false,"widgetType":"text-editor","elType":"widget"}],"isInner":true,"elType":"column"}],"isInner":true,"elType":"section"},{"id":"54526952","settings":{"structure":"20"},"elements":[{"id":"4eab178e","settings":{"_column_size":50,"_inline_size":null},"elements":[{"id":"624e83b2","settings":{"image":{"url":"http:\/\/localhost\/portfolio\/wp-content\/uploads\/2019\/02\/portfolio6.jpg","id":54},"image_size":"medium","image_custom_dimension":{"width":"300","height":"500"}},"elements":[],"isInner":false,"widgetType":"image","elType":"widget"}],"isInner":true,"elType":"column"},{"id":"2269fef8","settings":{"_column_size":50,"_inline_size":null},"elements":[{"id":"2db3ad66","settings":{"editor":"<p><span style=\"color: #ffffff;\">\"Lorem ipsum dolor sit amet, consectetur adipiscing elit, sed do eiusmod tempor incididunt ut labore et dolore magna aliqua. Ut enim ad minim veniam, quis nostrud exercitation ullamco laboris nisi ut\"<\/span> <br \/><button><br \/><a href=\"https:\/\/www.google.com\/\"><br \/>CLICK ME<br \/><\/a><\/button><\/p>"},"elements":[],"isInner":false,"widgetType":"text-editor","elType":"widget"}],"isInner":true,"elType":"column"}],"isInner":true,"elType":"section"},{"id":"50211cac","settings":{"structure":"20"},"elements":[{"id":"744b27a4","settings":{"_column_size":50,"_inline_size":null},"elements":[{"id":"6baf9f6e","settings":{"image":{"url":"http:\/\/localhost\/portfolio\/wp-content\/uploads\/2019\/02\/portfolio7.jpg","id":55},"image_size":"medium","image_custom_dimension":{"width":"300","height":"500"}},"elements":[],"isInner":false,"widgetType":"image","elType":"widget"}],"isInner":true,"elType":"column"},{"id":"db57188","settings":{"_column_size":50,"_inline_size":null},"elements":[{"id":"11c1e686","settings":{"editor":"<p><span style=\"color: #ffffff;\">\"Lorem ipsum dolor sit amet, consectetur adipiscing elit, sed do eiusmod tempor incididunt ut labore et dolore magna aliqua. Ut enim ad minim veniam, quis nostrud exercitation ullamco laboris nisi ut\"<\/span> <br \/><button><br \/><a href=\"https:\/\/www.google.com\/\"><br \/>CLICK ME<br \/><\/a><\/button><\/p>"},"elements":[],"isInner":false,"widgetType":"text-editor","elType":"widget"}],"isInner":true,"elType":"column"}],"isInner":true,"elType":"section"}],"isInner":false,"elType":"column"}],"isInner":false,"elType":"section"}]}