{"version":"0.4","title":"Experience","type":"page","content":[{"id":"ac4ffdd","settings":[],"elements":[{"id":"1e03a312","settings":{"_column_size":100},"elements":[{"id":"218f552d","settings":{"title":"Experience","size":"xxl","header_size":"h1","align":"center","title_color":"#e5410b","_background_background":"classic","_background_color":"#000000","_element_id":"experience"},"elements":[],"isInner":false,"widgetType":"heading","elType":"widget"}],"isInner":false,"elType":"column"}],"isInner":false,"elType":"section"},{"id":"7ba51f70","settings":[],"elements":[{"id":"6e34895a","settings":{"_column_size":100},"elements":[{"id":"51c5ad63","settings":{"editor":"<h1 style=\"text-align: center;\">Back End Web Developer <br> TechLaunch<\/h1>\n<p style=\"text-align: center;\"><strong>2018-<\/strong><\/p>\nIt is a long established fact that a reader will be distracted by the readable content of a page when looking at its layout. The point of using Lorem Ipsum is that it has a more-or-less normal distribution of letters, as opposed to using 'Content here, content here', making it look like readable English. Many desktop publishing packages and web page editors now use Lorem Ipsum as their default model text, and a search for 'lorem ipsum' will uncover many web sites still in their infancy. Various versions have evolved over the years, sometimes by accident, sometimes on purpose (injected humour and the like).","text_color":"#000000","_background_background":"classic","_background_color":"#ffffff"},"elements":[],"isInner":false,"widgetType":"text-editor","elType":"widget"},{"id":"3fb26e81","settings":{"editor":"<h1 style=\"text-align: center;\">Addvance Web Designer <br>\nAnimation World LTD\n<\/h1>\n<p style=\"text-align: center;\"><strong>2015-2018<\/strong><\/p>\nIt is a long established fact that a reader will be distracted by the readable content of a page when looking at its layout. The point of using Lorem Ipsum is that it has a more-or-less normal distribution of letters, as opposed to using 'Content here, content here', making it look like readable English. Many desktop publishing packages and web page editors now use Lorem Ipsum as their default model text, and a search for 'lorem ipsum' will uncover many web sites still in their infancy. Various versions have evolved over the years, sometimes by accident, sometimes on purpose (injected humour and the like).","text_color":"#000000","_background_background":"classic","_background_color":"#ffffff"},"elements":[],"isInner":false,"widgetType":"text-editor","elType":"widget"},{"id":"31ae07f","settings":{"editor":"<h1 style=\"text-align: center;\">Front End Web Developer <br>\nVision Web Service\n<\/h1>\n<p style=\"text-align: center;\"><strong>2011-2014<\/strong><\/p>\nIt is a long established fact that a reader will be distracted by the readable content of a page when looking at its layout. The point of using Lorem Ipsum is that it has a more-or-less normal distribution of letters, as opposed to using 'Content here, content here', making it look like readable English. Many desktop publishing packages and web page editors now use Lorem Ipsum as their default model text, and a search for 'lorem ipsum' will uncover many web sites still in their infancy. Various versions have evolved over the years, sometimes by accident, sometimes on purpose (injected humour and the like).","text_color":"#000000","_background_background":"classic","_background_color":"#ffffff"},"elements":[],"isInner":false,"widgetType":"text-editor","elType":"widget"}],"isInner":false,"elType":"column"}],"isInner":false,"elType":"section"}]}